City_ID,City,Lat,Lng,Max Temp,Humidity,Cloudiness,Wind Speed,Country,Date
0,johvi,59.3592,27.4211,5.51,45,38,3.69,EE,1715081444
1,tiksi,71.6872,128.8694,0.11,99,100,8.12,RU,1715081445
2,papatowai,-46.5619,169.4708,9.61,79,64,4.34,NZ,1715081445
3,urcos,-13.6861,-71.6228,8.94,85,55,0.79,PE,1715081445
4,nova sintra,14.8667,-24.7167,24.46,70,0,2.38,CV,1715081445
5,college,64.8569,-147.8028,0.44,91,75,3.09,US,1715081445
6,bethel,41.3712,-73.414,16.12,72,0,2.06,US,1715081307
7,carnarvon,-24.8667,113.6333,22.56,60,0,8.42,AU,1715081445
8,darovskoy,58.77,47.9564,6.41,38,100,2.99,RU,1715081445
9,mandalgovi,45.7625,106.2708,22.03,15,4,4.65,MN,1715081445
10,port-aux-francais,-49.35,70.2167,4.93,78,39,14.05,TF,1715081446
11,jamestown,42.097,-79.2353,10.01,72,20,0.0,US,1715081200
12,ribeira brava,32.65,-17.0667,25.4,68,66,5.46,PT,1715081446
13,nsanje,-16.92,35.262,34.3,33,0,2.6,MW,1715081385
14,vorgashor,67.5833,63.95,-6.22,80,79,3.84,RU,1715081446
15,harstad,68.799,16.5293,5.66,63,28,7.6,NO,1715081446
16,santa maria del oro,25.9333,-105.3667,15.55,16,100,1.81,MX,1715081446
17,waitangi,-43.9535,-176.5597,9.65,54,17,3.43,NZ,1715081447
18,cidreira,-30.1811,-50.2056,23.1,75,15,1.45,BR,1715081436
19,plettenberg bay,-34.0527,23.3716,20.2,72,48,2.51,ZA,1715081447
20,badger,64.8,-147.5333,0.39,94,75,3.09,US,1715081447
21,edinburgh of the seven seas,-37.0676,-12.3116,15.02,79,79,13.27,SH,1715081447
22,lagoa,39.05,-27.9833,17.06,88,15,7.58,PT,1715081447
23,pisco,-13.7,-76.2167,18.03,94,100,1.03,PE,1715081447
24,bredasdorp,-34.5322,20.0403,22.41,56,57,3.7,ZA,1715081447
25,iskateley,67.6803,53.1512,-6.1,83,100,7.6,RU,1715081447
26,bandon,51.7469,-8.7425,13.77,72,94,2.82,IE,1715081447
27,puerto natales,-51.7236,-72.4875,-1.53,77,100,0.79,CL,1715081448
28,le vauclin,14.5452,-60.8388,28.03,78,0,1.03,MQ,1715081448
29,bilibino,68.0546,166.4372,-6.95,96,44,0.42,RU,1715081448
30,hermanus,-34.4187,19.2345,19.89,81,56,8.18,ZA,1715081448
31,mhamid,29.82,-5.72,33.86,9,55,4.81,MA,1715081448
32,miracema do tocantins,-9.5618,-48.3967,27.98,64,34,3.28,BR,1715081448
33,adamstown,-25.066,-130.1015,21.62,79,72,6.48,PN,1715081448
34,eldorado at santa fe,35.5264,-105.9347,6.82,38,0,4.92,US,1715081448
35,happy valley-goose bay,53.3168,-60.3315,6.17,81,75,2.06,CA,1715081449
36,udachny,66.4167,112.4,-0.31,98,89,8.83,RU,1715081449
37,cabo san lucas,22.8909,-109.9124,24.17,56,100,1.34,MX,1715081449
38,puerto leguizamo,-0.1934,-74.7819,23.4,99,98,0.74,CO,1715081449
39,taoudenni,22.6783,-3.9836,39.8,4,5,1.08,ML,1715081449
40,fortuna,40.5982,-124.1573,7.03,96,20,0.0,US,1715081449
41,kidal,18.4411,1.4078,40.5,6,100,4.81,ML,1715081449
42,sinabang,2.4803,96.3801,26.88,85,98,1.55,ID,1715081449
43,invercargill,-46.4,168.35,8.34,89,81,2.68,NZ,1715081450
44,mantua,45.1667,10.7833,17.58,85,100,0.45,IT,1715081271
45,mazamari,-11.3258,-74.5308,22.21,83,17,0.36,PE,1715081450
46,grytviken,-54.2811,-36.5092,-0.57,79,77,4.02,GS,1715081450
47,peace river,56.2501,-117.286,10.36,90,100,3.09,CA,1715081301
48,yaren,-0.5472,166.916,29.14,73,34,5.84,NR,1715081358
49,kayenta,36.7278,-110.2546,7.08,25,65,5.14,US,1715081450
50,asau,46.4333,26.4,24.51,49,95,6.84,RO,1715081450
51,prince rupert,54.3161,-130.3201,6.83,85,100,7.2,CA,1715081450
52,yellowknife,62.456,-114.3525,8.01,79,20,4.12,CA,1715081451
53,serenje,-13.2325,30.2352,26.28,42,6,5.23,ZM,1715081451
54,tidjikja,18.5564,-11.4271,39.57,6,52,4.49,MR,1715081451
55,arteche,12.2645,125.4048,26.94,81,99,2.16,PH,1715081451
56,brigantine,39.4101,-74.3646,17.81,97,0,0.45,US,1715081445
57,puerto ayora,-0.7393,-90.3518,22.92,93,46,2.87,EC,1715081451
58,uturoa,-16.7333,-151.4333,27.73,78,56,7.83,PF,1715081451
59,freetown,8.484,-13.2299,29.84,74,40,3.09,SL,1715081358
60,margate,51.3813,1.3862,17.28,76,23,0.89,GB,1715081452
61,longyearbyen,78.2186,15.6401,0.91,75,75,2.57,SJ,1715081452
62,sault ste. marie,46.5168,-84.3333,7.31,83,0,2.57,CA,1715081417
63,shakawe,-18.3667,21.85,32.65,27,33,2.06,BW,1715081452
64,crane,31.3974,-102.3501,18.94,26,21,2.03,US,1715081452
65,lebu,-37.6167,-73.65,8.64,72,91,2.24,CL,1715081452
66,ilulissat,69.2167,-51.1,-5.99,58,75,6.17,GL,1715081452
67,oranjemund,-28.55,16.4333,19.03,66,0,4.28,NA,1715081452
68,constantia,44.1833,28.65,25.39,67,65,5.92,RO,1715081452
69,whitehorse,60.7161,-135.0538,0.43,77,20,6.17,CA,1715081453
70,curitibanos,-27.2828,-50.5844,19.85,68,2,1.29,BR,1715081453
71,jiayuguan,39.8167,98.3,26.58,9,25,4.78,CN,1715081263
72,albany,42.6001,-73.9662,12.39,70,30,1.5,US,1715081393
73,pieve di soligo,45.9025,12.1772,15.88,95,100,1.95,IT,1715081453
74,kamaishi,39.2667,141.8833,14.02,93,100,3.57,JP,1715081453
75,labytnangi,66.6572,66.4183,-5.9,86,68,6.54,RU,1715081453
76,ushuaia,-54.8,-68.3,-0.19,86,0,1.54,AR,1715081454
77,manaure,11.7751,-72.4445,28.51,74,64,5.22,CO,1715081454
78,san antonio de pale,-1.4014,5.6325,27.62,80,92,5.22,GQ,1715081454
79,tommot,58.9564,126.2925,2.07,99,100,1.79,RU,1715081454
80,alice,27.7523,-98.0697,27.69,89,100,2.06,US,1715081163
81,whangarei,-35.7317,174.3239,12.79,77,99,3.24,NZ,1715081454
82,afaahiti,-17.75,-149.2833,26.93,82,84,8.53,PF,1715081454
83,al jawf,29.5,38.75,25.21,15,18,5.14,SA,1715081454
84,hawaiian paradise park,19.5933,-154.9731,20.57,94,20,2.06,US,1715081454
85,stanley,54.868,-1.6985,12.65,84,75,1.54,GB,1715081455
86,tabuk,17.4189,121.4443,27.2,73,13,3.29,PH,1715081455
87,yoloten,37.2989,62.3597,38.01,11,97,6.25,TM,1715081312
88,aasiaat,68.7098,-52.8699,-8.6,81,96,2.64,GL,1715081455
89,porto velho,-8.7619,-63.9039,24.03,94,100,1.03,BR,1715081404
90,daru,-9.0763,143.2092,26.82,86,100,7.84,PG,1715081455
91,west island,-12.1568,96.8225,27.99,74,40,5.66,CC,1715081455
92,camalu,30.85,-116.0667,12.71,92,0,1.95,MX,1715081456
93,blackmans bay,-43.0167,147.3167,12.07,85,100,0.97,AU,1715081456
94,badagry,6.4167,2.8833,32.82,62,82,4.54,NG,1715081456
95,chesma,53.8111,60.6533,11.32,37,52,5.1,RU,1715081456
96,sambava,-14.2667,50.1667,28.13,66,98,6.74,MG,1715081238
97,turpan,42.9333,89.1667,35.7,14,100,3.34,CN,1715081456
98,kerimaki,61.9167,29.2833,2.97,56,75,6.17,FI,1715081456
99,flying fish cove,-10.4217,105.6791,24.82,100,100,5.66,CX,1715081456
100,port mathurin,-19.6833,63.4167,25.45,71,91,12.41,MU,1715081457
101,tyukhtet,56.5389,89.3011,12.68,42,13,2.38,RU,1715081457
102,novosibirsk,55.0411,82.9344,16.61,23,0,5.0,RU,1715081294
103,tura,25.5198,90.2201,25.45,64,32,2.58,IN,1715081457
104,hovd,48.0056,91.6419,16.89,40,100,6.19,MN,1715081457
105,nguigmi,14.2495,13.1092,38.87,12,7,6.09,NE,1715081457
106,newman,37.3138,-121.0208,11.27,89,25,0.45,US,1715081393
107,chacabuco,-34.6417,-60.4739,16.01,96,100,2.02,AR,1715081343
108,douglas,41.3,-96.167,11.99,93,0,1.79,US,1715081457
109,urzhar,47.093,81.6294,22.82,47,2,0.94,KZ,1715081458
110,thompson,55.7435,-97.8558,2.09,87,40,4.12,CA,1715081458
111,mahina,-17.5065,-149.489,27.87,74,100,3.09,PF,1715081458
112,qarazhal,48.0078,70.7903,20.81,46,94,6.9,KZ,1715081458
113,altai,46.3722,96.2583,16.43,24,99,0.87,MN,1715081458
114,kununurra,-15.7667,128.7333,25.99,53,94,2.06,AU,1715081458
115,punta arenas,-53.15,-70.9167,1.01,93,0,1.03,CL,1715081168
116,paris,48.8534,2.3488,20.14,64,40,3.6,FR,1715080733
117,isafjordur,66.0755,-23.124,6.02,61,75,4.63,IS,1715081458
118,pregradnaya,43.9508,41.1994,11.58,84,100,1.53,RU,1715081459
119,arraial do cabo,-22.9661,-42.0278,23.98,78,0,5.14,BR,1715081373
120,kudat,6.8837,116.8477,29.96,84,29,3.09,MY,1715081459
121,imeko,7.45,2.85,36.3,41,73,1.6,NG,1715081459
122,ostersund,63.1792,14.6357,8.25,57,0,2.57,SE,1715081459
123,enewetak,11.3474,162.3373,27.87,79,92,7.71,MH,1715081460
124,sitka,57.0531,-135.33,5.94,81,100,4.63,US,1715081557
125,vorkuta,67.5,64.0,-6.05,80,74,4.02,RU,1715081481
126,egilsstadir,65.2653,-14.3948,9.95,50,20,8.75,IS,1715081481
127,iqaluit,63.7506,-68.5145,-7.15,73,0,9.77,CA,1715081412
128,san julian,21.0167,-102.1667,16.93,22,86,1.41,MX,1715081481
129,gondar,12.6,37.4667,30.12,13,21,6.69,ET,1715081481
130,ust-nera,64.5667,143.2,-0.25,87,27,2.45,RU,1715081482
131,sisimiut,66.9395,-53.6735,-4.47,66,34,2.4,GL,1715081482
132,hadibu,12.65,54.0333,31.42,63,24,1.07,YE,1715081482
133,enshi,30.3,109.4833,20.32,93,81,0.73,CN,1715081482
134,east london,-33.0153,27.9116,37.52,16,0,5.66,ZA,1715081482
135,chebba,35.2372,11.115,22.41,64,100,6.24,TN,1715081482
136,hami,42.8,93.45,33.18,9,57,2.62,CN,1715081483
137,mont-tremblant,46.1949,-74.6264,7.98,100,3,0.0,CA,1715081400
138,margaret river,-33.95,115.0667,17.08,52,86,3.99,AU,1715081483
139,zhezqazghan,47.7833,67.7667,24.32,31,75,5.0,KZ,1715081483
140,shirpur,21.35,74.8833,41.18,13,0,5.77,IN,1715081483
141,belmonte,-15.8631,-38.8828,28.79,65,2,4.34,BR,1715081483
142,bayanhongor,46.7167,100.1167,15.92,19,38,3.25,MN,1715081483
143,mimizan,44.2006,-1.2289,18.69,80,50,6.86,FR,1715081484
144,shingu,33.7333,135.9833,17.35,74,100,2.69,JP,1715081484
145,zaozersk,69.4005,32.4476,-0.43,72,64,7.38,RU,1715081484
146,pandan,14.0453,124.1694,27.24,80,6,3.42,PH,1715081484
147,utrik,11.2278,169.8474,28.03,74,86,7.59,MH,1715081484
148,georgetown,5.4112,100.3354,31.64,70,20,3.6,MY,1715081338
149,trinity beach,-16.7888,145.6968,24.94,78,40,5.14,AU,1715081484
150,sangkhla buri,15.1555,98.4536,26.67,76,57,2.05,TH,1715081485
151,minas de marcona,-15.2119,-75.1103,14.01,88,66,3.9,PE,1715081485
152,gadzhiyevo,69.2551,33.3362,-0.22,72,62,7.75,RU,1715081485
153,lorengau,-2.0226,147.2712,27.21,84,98,2.19,PG,1715081485
154,fruita,39.1589,-108.729,6.4,67,81,1.34,US,1715081464
155,kerikeri,-35.2268,173.9474,11.06,91,82,2.24,NZ,1715081485
156,wailua homesteads,22.0669,-159.378,22.44,83,100,6.69,US,1715081485
157,kavaratti,10.5669,72.642,30.4,68,23,3.26,IN,1715081486
158,nemuro,43.3236,145.575,4.47,97,100,5.22,JP,1715081486
159,alaghsas,17.0187,8.0168,40.94,14,100,2.57,NE,1715081486
160,benghazi,32.1167,20.0667,21.96,46,59,4.56,LY,1715081486
161,luderitz,-26.6481,15.1594,19.81,64,1,6.57,NA,1715081486
162,alice springs,-23.7,133.8833,14.75,63,100,3.09,AU,1715081486
163,saldanha,-33.0117,17.9442,20.03,84,98,4.99,ZA,1715081486
164,kingston,17.997,-76.7936,27.53,83,0,3.6,JM,1715081390
165,pathein,16.7833,94.7333,30.9,62,41,5.45,MM,1715081487
166,rongelap,11.1635,166.8941,27.97,75,67,8.7,MH,1715081487
167,malvan,16.0667,73.4667,29.96,66,2,6.73,IN,1715081487
168,sao joao da barra,-21.6403,-41.0511,24.05,77,0,3.77,BR,1715081487
169,shemonaikha,50.6328,81.9056,18.37,36,88,0.5,KZ,1715081487
170,rybinsk,58.0446,38.8426,6.29,34,100,3.13,RU,1715081487
171,ceeldheer,3.8488,47.1806,31.5,61,100,2.25,SO,1715081487
172,opuwo,-18.0607,13.84,31.95,17,0,5.78,NA,1715081487
173,broken hill,-31.95,141.4333,14.2,58,40,5.62,AU,1715081485
174,saipan,15.1355,145.701,28.39,74,20,4.63,MP,1715081488
175,okhotsk,59.3833,143.3,0.46,92,72,1.91,RU,1715081488
176,hoshcha,50.6003,26.6744,14.51,70,77,6.36,UA,1715081488
177,sabang,5.8933,95.3214,29.51,72,100,2.0,ID,1715081488
178,ta`u,-14.2336,-169.5144,28.44,81,100,3.53,AS,1715081488
179,marsa alam,25.0757,34.8918,26.6,44,0,8.77,EG,1715081488
180,senador jose porfirio,-2.5908,-51.9542,25.71,92,88,1.01,BR,1715081489
181,fale old settlement,-9.3852,-171.2468,29.41,77,92,3.85,TK,1715081489
182,saint croix,17.7397,-64.7388,27.2,83,59,3.13,VI,1715081489
183,kangding,30.0513,101.9603,10.68,99,100,2.54,CN,1715081489
184,ajman city,25.4111,55.435,36.19,46,0,6.69,AE,1715081489
185,novaya igirma,57.1334,103.9112,9.67,37,70,3.77,RU,1715081490
186,pitimbu,-7.4706,-34.8086,28.33,76,91,3.94,BR,1715081490
187,oriximina,-1.7656,-55.8661,24.37,98,100,1.27,BR,1715081490
188,portland,45.5234,-122.6762,7.99,90,100,2.24,US,1715081100
189,aldama,22.9167,-98.0667,24.89,99,100,0.66,MX,1715081490
190,klyuchi,52.2667,79.1667,16.73,32,99,2.41,RU,1715081490
191,port saint john's,-31.6229,29.5448,30.47,41,0,3.18,ZA,1715081490
192,atafu village,-8.5421,-172.5159,29.61,75,96,5.17,TK,1715081490
193,bayanaul,50.7889,75.6956,15.21,55,98,2.73,KZ,1715081490
194,tolanaro,-25.0319,46.9987,25.04,83,40,8.23,MG,1715081491
195,kamloops,50.6665,-120.3192,9.3,70,75,7.2,CA,1715081491
196,namibe,-15.1961,12.1522,27.77,56,3,6.83,AO,1715081491
197,isangel,-19.55,169.2667,23.0,79,44,4.33,VU,1715081491
198,tual,-5.6667,132.75,25.45,91,100,2.0,ID,1715081491
199,tomatlan,19.9333,-105.25,18.54,79,100,1.14,MX,1715081491
200,the pas,53.8251,-101.2541,9.01,61,100,5.66,CA,1715081338
201,leninkent,42.9689,47.352,12.3,71,100,1.9,RU,1715081491
202,lompoc,34.6391,-120.4579,13.66,87,0,6.17,US,1715081492
203,ribeira grande,38.5167,-28.7,19.22,88,40,7.15,PT,1715081492
204,hilo,19.7297,-155.09,27.38,95,20,2.06,US,1715081492
205,mar del plata,-38.0023,-57.5575,16.72,94,100,3.6,AR,1715081237
206,yenicaga,40.7711,32.0337,18.27,24,35,4.28,TR,1715081492
207,taltal,-25.4,-70.4833,15.26,75,100,0.66,CL,1715081421
208,malango,-2.9627,119.9001,20.33,99,87,1.01,ID,1715081492
209,ludington,43.9553,-86.4526,11.23,65,0,4.12,US,1715081492
210,bolgar,54.95,49.0667,7.12,91,100,3.16,RU,1715081493
211,yanam,16.7333,82.2167,31.98,67,1,4.04,IN,1715081493
212,gizo,-8.103,156.8419,27.85,82,100,2.67,SB,1715081493
213,stephenville,32.2207,-98.2023,22.07,89,40,1.54,US,1715081433
214,avarua,-21.2078,-159.775,27.03,94,100,4.12,CK,1715081493
215,bandar,2.05,99.75,25.0,94,96,0.47,ID,1715081493
216,susuman,62.7833,148.1667,0.55,75,98,2.24,RU,1715081493
217,umm kaddadah,13.6017,26.6876,40.06,7,0,8.04,SD,1715081493
218,manokwari,-0.8667,134.0833,26.66,82,100,2.15,ID,1715081493
219,brookings,44.3114,-96.7984,12.43,95,75,7.2,US,1715081256
220,bethanie,-26.4833,17.15,31.38,14,1,7.84,NA,1715081494
221,nelson bay,-32.7167,152.15,18.89,88,66,5.07,AU,1715081494
222,galveston,29.3669,-94.9669,26.11,88,100,6.17,US,1715081568
223,tazovsky,67.4667,78.7,-5.98,90,87,1.66,RU,1715081494
224,pahrump,36.2083,-115.9839,15.17,27,80,2.41,US,1715081494
225,nago,26.5881,127.9761,24.47,76,100,3.22,JP,1715081494
226,woolgoolga,-30.1106,153.2007,15.93,76,83,5.94,AU,1715081494
227,smithers,54.7804,-127.1743,-0.82,86,75,1.54,CA,1715081495
228,port alfred,-33.5906,26.891,26.21,67,0,0.45,ZA,1715081495
229,ghat,24.9647,10.1728,39.78,9,53,8.22,LY,1715081495
230,nuku'alofa,-21.1333,-175.2,25.19,88,75,2.57,TO,1715081495
231,san juan de miraflores,-12.1629,-76.9635,18.98,86,100,2.48,PE,1715081495
232,ad dabbah,18.05,30.95,38.49,8,0,7.49,SD,1715081495
233,kailua-kona,19.6406,-155.9956,22.98,83,100,2.06,US,1715081495
234,wotho,10.1657,166.0102,27.64,81,90,8.35,MH,1715081495
235,la sarre,48.8002,-79.1996,3.67,88,23,1.58,CA,1715081309
236,troitskoye,52.9821,84.6757,15.78,50,63,2.42,RU,1715081496
237,berdigestyakh,62.0989,126.6992,3.38,88,100,5.2,RU,1715081496
238,mahibadhoo,3.7833,72.9667,29.8,74,55,5.13,MV,1715081496
239,pucallpa,-8.3791,-74.5539,26.02,94,75,1.03,PE,1715081496
240,chonchi,-42.6128,-73.8092,3.4,97,100,0.9,CL,1715081496
241,tadine,-21.55,167.8833,21.29,70,8,4.21,NC,1715081496
242,sao vicente,-23.9631,-46.3919,30.55,59,0,1.03,BR,1715081496
243,okha,53.5739,142.9478,-0.42,81,13,4.02,RU,1715081497
244,xining,36.6167,101.7667,20.45,26,98,6.88,CN,1715081497
245,kruisfontein,-34.0033,24.7314,26.6,46,11,4.83,ZA,1715081497
246,shaydon,40.6747,70.346,25.61,28,65,3.05,TJ,1715081497
247,qaqortoq,60.7167,-46.0333,0.18,53,55,2.01,GL,1715081497
248,lae,-6.7221,146.9847,24.07,91,99,0.75,PG,1715081497
249,rockland,41.1668,-74.0496,16.92,85,56,2.14,US,1715081497
250,port elizabeth,-33.918,25.5701,27.83,68,0,6.17,ZA,1715081497
251,delemont,47.3649,7.3445,14.01,89,100,2.02,CH,1715081497
252,gadarwara,22.9167,78.7833,41.91,10,1,4.78,IN,1715081498
253,fonte boa,-2.4959,-66.2662,24.43,97,98,0.58,BR,1715081498
254,itoman,26.1247,127.6694,24.43,73,75,6.69,JP,1715081498
255,kenai,60.5544,-151.2583,2.86,100,0,3.09,US,1715081463
256,hotan,37.0997,79.9269,27.17,16,68,0.82,CN,1715081498
257,riyadh,24.6877,46.7219,37.08,10,0,5.5,SA,1715080963
258,amga,60.8953,131.9608,8.94,88,100,5.63,RU,1715081498
259,hamirpur,25.95,80.15,42.54,12,21,5.48,IN,1715081499
260,sao martinho,39.5144,-9.1311,24.31,73,99,4.47,PT,1715081499
261,mogadishu,2.0371,45.3438,30.93,79,40,6.69,SO,1715081499
262,las veredas,23.1388,-109.7075,23.81,59,100,2.09,MX,1715081499
263,iwon-up,40.3231,128.6553,9.44,88,100,0.3,KP,1715081499
264,hamilton,39.1834,-84.5333,19.05,96,100,2.57,US,1715081499
265,calca,-13.3333,-71.95,9.64,80,78,1.04,PE,1715081500
266,remire-montjoly,4.9167,-52.2667,26.02,100,100,1.54,GF,1715081500
267,ermoupolis,37.4423,24.9425,23.76,56,0,2.57,GR,1715081500
268,dwarka,22.2394,68.9678,30.19,71,0,7.04,IN,1715081500
269,chamba,32.5667,76.1333,27.25,42,51,3.31,IN,1715081500
270,le port,-20.9373,55.2919,28.0,66,13,0.63,RE,1715081500
271,colonia menno,-22.3667,-59.8167,28.27,55,1,8.72,PY,1715081500
272,kuta,-8.7233,115.1723,27.97,88,40,5.81,ID,1715081500
273,palmaner,13.2,78.75,36.22,27,34,6.12,IN,1715081501
274,al khafji,28.4391,48.4913,28.92,49,1,6.79,SA,1715081501
275,mahdia,35.5047,11.0622,21.97,61,100,4.96,TN,1715081258
276,launceston,-41.45,147.1667,9.8,81,100,5.14,AU,1715081501
277,vilyuchinsk,52.9306,158.4028,1.63,88,50,1.3,RU,1715081501
278,piney green,34.716,-77.3202,22.17,99,0,2.57,US,1715081501
279,sandnessjoen,66.0217,12.6316,13.29,37,0,1.54,NO,1715081501
280,aguacatan,15.3431,-91.3117,15.81,46,75,1.42,GT,1715081501
281,suihua,46.6406,126.9969,16.36,23,8,2.94,CN,1715081501
282,magaria,12.9983,8.9099,41.92,14,33,4.12,NE,1715081502
283,port shepstone,-30.7414,30.455,26.33,57,0,4.51,ZA,1715081502
284,lerwick,60.1545,-1.1494,11.0,70,82,5.91,GB,1715081502
285,terra nova,-12.3667,-40.6667,22.97,74,78,3.29,BR,1715081408
286,darnah,32.767,22.6367,19.62,61,3,4.18,LY,1715081502
287,vilhena,-12.7406,-60.1458,23.12,83,0,2.57,BR,1715081357
288,vadso,70.0744,29.7487,2.49,80,40,6.17,NO,1715081502
289,mejit,10.2753,170.8646,28.18,74,100,9.09,MH,1715081502
290,anadyr,64.75,177.4833,-5.72,93,40,6.0,RU,1715081503
291,labrador city,52.9463,-66.9114,1.77,70,75,2.06,CA,1715081411
292,as sulayyil,20.4607,45.5779,38.14,11,0,2.43,SA,1715081503
293,guerrero negro,27.9769,-114.0611,14.05,85,2,4.99,MX,1715081503
294,sarkand,45.41,79.9186,23.49,44,22,2.1,KZ,1715081503
295,dubove,48.1721,23.8895,14.05,91,100,0.96,UA,1715081503
296,akureyri,65.6835,-18.0878,9.96,50,40,6.69,IS,1715081503
297,forres,57.6113,-3.6108,13.32,74,100,3.6,GB,1715081504
298,tazacorte,28.629,-17.9293,22.54,64,20,3.09,ES,1715081504
299,new baltimore,42.6811,-82.7369,12.92,82,75,1.54,US,1715081504
300,nema,57.5067,50.5011,4.99,77,99,3.8,RU,1715081504
301,saint-joseph,-21.3667,55.6167,27.21,65,18,7.1,RE,1715081504
302,buka,40.8108,69.1986,31.49,22,51,4.05,UZ,1715081504
303,lensk,60.7253,114.9278,5.02,79,74,3.73,RU,1715081504
304,tagiura,32.8817,13.3506,28.22,40,100,7.84,LY,1715081505
305,bamboo flat,11.7,92.7167,32.05,66,40,3.6,IN,1715081505
306,hauterive,46.0901,3.4459,15.42,84,97,1.71,FR,1715081505
307,dickinson,29.4608,-95.0513,26.18,90,100,6.17,US,1715081505
308,bastia,42.6667,9.3333,18.89,73,75,4.2,FR,1715081505
309,nyrob,60.733,56.7202,5.3,43,100,4.4,RU,1715081505
310,nar'yan-mar,67.6713,53.087,-6.05,83,100,7.6,RU,1715081505
311,tocopilla,-22.092,-70.1979,18.51,72,17,1.97,CL,1715081506
312,kulhudhuffushi,6.6221,73.07,29.83,72,100,4.36,MV,1715081506
313,shanwei,22.782,115.3475,25.46,81,59,4.9,CN,1715081506
314,farah,32.5,62.5,33.42,13,47,2.17,AF,1715081506
315,san patricio,28.017,-97.5169,27.13,87,67,3.86,US,1715081506
316,novyy urengoy,66.0833,76.6333,-3.28,92,69,4.4,RU,1715081506
317,karatuzskoye,53.6072,92.8667,15.21,39,10,1.34,RU,1715081506
318,sidi ifni,29.3797,-10.173,24.86,63,95,3.37,MA,1715081507
319,suntar,62.1444,117.6319,2.7,82,70,3.74,RU,1715081507
320,palmas,-10.2128,-48.3603,27.93,74,0,2.06,BR,1715081344
321,severo-yeniseyskiy,60.3725,93.0408,-0.24,88,93,4.92,RU,1715081507
322,bardai,11.65,7.2333,33.09,36,97,2.09,NG,1715081507
323,buala,-8.145,159.5921,26.68,82,96,1.74,SB,1715081507
324,pameungpeuk,-7.0183,107.6039,23.65,83,12,0.96,ID,1715081508
325,usogorsk,63.4106,48.6872,-1.3,58,65,3.48,RU,1715081508
326,puerto deseado,-47.7503,-65.8938,3.38,61,100,2.45,AR,1715081508
327,abdulino,53.7,53.6667,11.21,66,100,5.3,RU,1715081508
328,nadym,65.5333,72.5167,-2.24,83,99,8.01,RU,1715081508
329,binbrook,43.121,-79.804,11.12,68,20,3.6,CA,1715081508
330,amahai,-3.3333,128.9167,26.11,88,100,1.04,ID,1715081508
331,balsas,-7.5325,-46.0356,28.1,51,90,4.19,BR,1715081509
332,de aar,-30.6497,24.0123,26.34,17,0,8.33,ZA,1715081509
333,muheza,-5.1667,38.7833,26.25,85,98,4.89,TZ,1715081509
334,nicoya,10.1483,-85.452,26.67,81,23,0.52,CR,1715081509
335,praia da vitoria,38.7333,-27.0667,20.14,83,40,7.79,PT,1715081509
336,aoulef,26.9667,1.0833,39.5,6,1,5.72,DZ,1715081509
337,lillehammer,61.1146,10.4674,12.42,75,100,1.1,NO,1715081509
338,bochum,51.4833,7.2167,19.79,66,97,2.49,DE,1715081235
339,oak grove,45.4168,-122.6401,7.72,90,100,2.24,US,1715081283
340,dudinka,69.4058,86.1778,-5.21,95,100,3.06,RU,1715081510
341,gandajika,-6.75,23.95,33.12,33,12,2.24,CD,1715081510
342,douentza,14.9951,-2.9517,38.47,22,100,1.49,ML,1715081510
343,ocos,14.5094,-92.1933,25.1,82,84,3.59,GT,1715081510
344,zuyevka,58.405,51.1335,6.54,40,95,2.88,RU,1715081510
345,nouadhibou,20.931,-17.0347,27.99,44,90,4.63,MR,1715081382
346,wiwili,13.6268,-85.8254,23.78,84,94,0.67,NI,1715081511
347,kristiansund,63.1115,7.732,11.03,93,75,4.12,NO,1715081511
348,popondetta,-8.7537,148.2534,24.29,97,100,0.26,PG,1715081511
349,haiku-pauwela,20.9219,-156.3051,22.8,77,0,5.14,US,1715081511
350,sirte,31.2089,16.5887,28.16,32,100,7.26,LY,1715081511
351,hirara,24.8,125.2833,24.92,78,75,5.66,JP,1715081511
352,cunen,15.3375,-91.0269,12.66,58,62,1.9,GT,1715081512
353,puerto armuelles,8.2833,-82.8667,27.27,72,32,0.45,PA,1715081512
354,sabha,27.0377,14.4283,35.18,13,9,7.8,LY,1715081512
355,ellensburg,46.9965,-120.5479,5.61,75,0,7.72,US,1715081512
356,pestravka,52.405,49.9583,22.87,44,71,9.65,RU,1715081512
357,nizhnesortymskiy,62.4397,71.7603,2.12,100,100,3.99,RU,1715081512
358,wajir,1.7471,40.0573,32.98,55,75,4.12,KE,1715081512
359,prado,-17.3411,-39.2208,26.65,83,15,3.33,BR,1715081512
360,monrovia,6.3005,-10.7969,31.87,66,96,1.23,LR,1715081512
361,malangawa,26.8568,85.5581,31.65,38,65,7.63,NP,1715081513
362,usinsk,65.9939,57.5281,-1.07,78,100,9.83,RU,1715081513
363,kalix,65.853,23.1565,0.35,76,83,4.13,SE,1715081513
364,pacific grove,36.6177,-121.9166,10.24,88,20,4.92,US,1715081424
365,kapa'a,22.0752,-159.319,23.18,80,100,6.69,US,1715081513
366,yeniseysk,58.4497,92.1703,8.3,45,90,4.47,RU,1715081513
367,pella,59.7775,30.8181,6.03,47,100,3.19,RU,1715081513
368,walvis bay,-22.9575,14.5053,16.72,61,7,8.52,NA,1715081514
369,papao,-17.75,-149.55,27.82,82,67,9.63,PF,1715081514
370,petropavlovsk-kamchatsky,53.0452,158.6483,0.81,78,32,3.58,RU,1715081514
371,geraldton,-28.7667,114.6,20.23,77,0,2.57,AU,1715081514
372,gao,16.6362,1.637,41.86,8,93,6.56,ML,1715081514
373,san luis de la loma,17.2706,-100.8939,25.17,68,100,2.3,MX,1715081514
374,withernsea,53.7311,0.0335,15.14,87,37,5.15,GB,1715081515
375,olonkinbyen,70.9221,-8.7187,-1.34,89,97,1.82,SJ,1715081515
376,north platte,41.1239,-100.7654,10.77,44,98,8.05,US,1715081515
377,mount pearl,47.5166,-52.7813,6.92,89,100,5.66,CA,1715081443
378,la ronge,55.1001,-105.2842,9.14,66,100,5.14,CA,1715081472
379,luanda,-8.8368,13.2343,31.0,68,75,3.09,AO,1715081258
380,santana,-0.0583,-51.1817,27.1,94,75,2.06,BR,1715081397
381,acapulco de juarez,16.8634,-99.8901,25.9,78,40,2.06,MX,1715081268
382,leava,-14.3,-178.1667,29.16,80,100,5.46,WF,1715081516
383,harper,4.375,-7.7169,29.23,75,76,2.5,LR,1715081516
384,selfoss,63.9331,-20.9971,7.25,72,100,9.54,IS,1715081516
385,kapuskasing,49.4169,-82.4331,2.0,100,20,1.54,CA,1715081337
386,horsham,51.064,-0.3272,19.85,53,20,4.12,GB,1715081226
387,homer,59.6425,-151.5483,4.47,82,0,2.06,US,1715081516
388,higuera de zaragoza,25.95,-109.2833,19.18,82,96,1.74,MX,1715081516
389,aligudarz,33.4006,49.6949,16.18,28,0,11.16,IR,1715081517
390,oltinko'l,40.8011,72.1634,32.12,17,44,1.96,UZ,1715081517
391,sao felix do xingu,-6.6447,-51.995,27.08,71,60,1.73,BR,1715081517
392,donggang,28.9365,114.2259,22.61,76,100,0.76,CN,1715081517
393,cidade velha,14.9167,-23.6167,29.26,42,0,3.09,CV,1715081517
394,laguna,38.421,-121.4238,11.99,89,0,2.57,US,1715081517
395,ust'-ilimsk,58.0006,102.6619,10.8,38,87,6.26,RU,1715081517
396,fort st. john,56.2499,-120.8529,5.94,42,75,5.14,CA,1715081517
397,kongolo,-5.3833,27.0,33.36,43,28,1.96,CD,1715081518
398,talca,-35.4333,-71.6667,8.48,96,100,1.49,CL,1715081470
399,faya-largeau,17.9257,19.1043,40.94,8,0,8.23,TD,1715081518
400,ancud,-41.8697,-73.8203,5.85,84,86,3.17,CL,1715081518
401,hala,25.8131,68.4227,44.99,9,0,5.47,PK,1715081518
402,taroa,8.7058,171.2275,28.14,78,100,8.81,MH,1715081519
403,clinton,42.587,-82.9199,11.8,82,75,1.54,US,1715081308
404,kawanoecho,34.0167,133.5667,18.22,77,100,3.81,JP,1715081519
405,miles city,46.4083,-105.8406,6.54,87,100,13.89,US,1715081519
406,lihue,21.9789,-159.3672,22.77,81,100,6.69,US,1715081519
407,alo,7.4178,6.7371,36.81,42,90,1.48,NG,1715081519
408,rantauprapat,2.1,99.8333,25.79,93,98,0.31,ID,1715081519
409,waingapu,-9.6567,120.2641,25.94,80,1,4.96,ID,1715081519
410,calvinia,-31.4707,19.776,23.3,21,2,5.2,ZA,1715081520
411,thinadhoo,0.5333,72.9333,29.91,74,79,4.99,MV,1715081520
412,northam,51.0333,-4.2167,15.37,86,81,2.68,GB,1715081520
413,hualien city,23.9769,121.6044,24.4,88,98,1.22,TW,1715081373
414,lautoka,-17.6167,177.4667,24.92,83,75,3.09,FJ,1715081520
415,castillos,-34.1667,-53.8333,19.8,99,100,1.48,UY,1715081520
416,benoy,8.9833,16.3199,41.03,8,72,3.99,TD,1715081520
417,bahia blanca,-38.7196,-62.2724,13.21,78,54,2.99,AR,1715081321
418,redencao,-4.2258,-38.7306,26.26,87,82,2.95,BR,1715081521
419,akrehamn,59.2667,5.1833,12.9,71,0,4.63,NO,1715081521
420,kodiak,57.79,-152.4072,3.73,81,100,2.06,US,1715081521
421,naze,28.3667,129.4833,20.51,69,100,4.62,JP,1715081521
422,qui nhon,13.7667,109.2333,27.22,86,40,1.65,VN,1715081521
423,dunedin,-45.8742,170.5036,8.78,77,56,2.66,NZ,1715081478
424,tamluk,22.3,87.9167,30.99,63,94,7.62,IN,1715081521
425,miyaly,48.8844,53.7836,23.34,25,78,2.53,KZ,1715081522
426,port hedland,-20.3167,118.5667,25.03,73,6,2.06,AU,1715081489
427,palmer,42.1584,-72.3287,14.99,84,0,0.0,US,1715081326
428,talnakh,69.4865,88.3972,-5.44,92,100,2.61,RU,1715081522
429,mount isa,-20.7333,139.5,19.87,56,40,2.06,AU,1715081522
430,trevelin,-43.0858,-71.4639,1.37,97,99,1.84,AR,1715081522
431,haimen,23.1935,116.6142,23.94,86,99,3.09,CN,1715081522
432,ahtari,62.554,24.0619,6.39,34,100,5.29,FI,1715081523
433,mananwala,31.5842,73.6878,41.74,8,3,3.74,PK,1715081523
434,jijel,36.8205,5.7667,21.97,68,20,6.69,DZ,1715081333
435,colonia,50.9333,6.95,17.36,81,20,1.54,DE,1715081461
436,muynoq,43.7683,59.0214,24.45,42,100,10.76,UZ,1715081523
437,gustavsberg,59.3268,18.3898,11.25,42,2,3.81,SE,1715081523
438,point pedro,9.8167,80.2333,31.33,72,4,3.02,LK,1715081523
439,nabire,-3.3667,135.4833,25.35,93,100,1.97,ID,1715081523
440,walla walla,46.0646,-118.343,7.15,75,100,6.17,US,1715081524
441,kandukur,15.2167,79.9167,33.36,60,3,8.69,IN,1715081524
442,tir pul,34.5943,61.269,34.71,15,98,6.71,AF,1715081524
443,majuro,7.0897,171.3803,28.98,84,100,2.06,MH,1715081524
444,rio grande,-32.035,-52.0986,21.06,96,100,4.4,BR,1715081437
445,taphan hin,16.2209,100.4198,33.37,49,55,6.8,TH,1715081524
446,keflavik,64.0049,-22.5624,6.24,75,100,7.2,IS,1715081525
447,amethi,26.15,81.8167,40.06,17,44,1.93,IN,1715081525
448,chifeng,42.2683,118.9636,17.42,25,33,2.99,CN,1715081525
449,menongue,-14.6585,17.691,30.67,20,4,3.33,AO,1715081525
450,fort bragg,35.139,-79.006,20.67,91,100,3.6,US,1715081242
451,kuching,1.55,110.3333,29.12,84,20,2.06,MY,1715081455
452,bakchar,57.0186,82.0711,11.96,41,100,4.04,RU,1715081525
453,yamethin,20.4333,96.15,35.61,21,67,3.12,MM,1715081526
454,ar rahad,12.7167,30.65,40.76,7,1,7.26,SD,1715081526
455,ebon,4.582,168.6964,28.05,83,100,6.78,MH,1715081526
456,tumbes,-3.5667,-80.4414,24.15,69,99,2.13,PE,1715081526
457,horta,38.5333,-28.6333,18.8,93,40,7.15,PT,1715081526
458,polyarnyy,69.1989,33.4478,-0.49,71,50,7.68,RU,1715081526
459,sakaiminato,35.55,133.2333,13.99,100,75,4.12,JP,1715081526
460,eyl,7.9803,49.8164,31.16,65,79,4.83,SO,1715081526
461,zavodoukovsk,56.5042,66.5515,7.7,45,96,5.85,RU,1715081527
462,dalandzadgad,43.5708,104.425,23.93,12,15,4.41,MN,1715081527
463,krasnozavodsk,56.45,38.2167,6.08,60,100,4.85,RU,1715081527
464,nuuk,64.1835,-51.7216,-1.66,69,0,4.63,GL,1715081520
465,bargi,22.9833,79.8667,40.43,11,12,4.99,IN,1715081527
466,batavia,41.85,-88.3126,16.4,75,20,6.17,US,1715081231
467,queenstown,-31.8976,26.8753,27.34,16,0,6.89,ZA,1715081409
468,mulanje,-16.0316,35.5,29.25,44,11,3.36,MW,1715081382
469,jorpeland,59.0225,6.0408,16.17,66,94,2.41,NO,1715081528
470,kayangel,8.0823,134.7173,28.47,69,97,3.73,PW,1715081528
471,hammerfest,70.6634,23.6821,1.25,64,20,3.09,NO,1715081528
472,hidalgo,20.5,-99.0,18.31,56,98,2.75,MX,1715081528
473,robertsport,6.7533,-11.3686,29.16,75,71,2.76,LR,1715081528
474,medina,24.4686,39.6142,33.24,6,0,6.69,SA,1715081402
475,banda aceh,5.5577,95.3222,26.66,87,100,4.21,ID,1715081528
476,sinop,41.7711,34.8709,14.24,59,1,3.81,TR,1715081528
477,kurumkan,54.3,110.3,11.18,74,99,5.36,RU,1715081529
478,new norfolk,-42.7826,147.0587,12.72,81,100,0.31,AU,1715081529
479,nova vicosa,-17.8919,-39.3719,27.09,78,14,3.31,BR,1715081471
480,canutama,-6.5339,-64.3831,24.21,96,100,1.47,BR,1715081529
481,mbaiki,3.8678,17.9892,39.2,23,82,2.29,CF,1715081529
482,kimbe,-5.5502,150.1429,25.17,94,96,2.15,PG,1715081529
483,ciudad lazaro cardenas,17.9583,-102.2,21.7,84,100,1.37,MX,1715081530
484,tindouf,27.6711,-8.1474,34.25,10,75,2.06,DZ,1715081530
485,murun-kuren,49.6342,100.1625,17.09,44,100,5.09,MN,1715081530
486,nantucket,41.2835,-70.0995,14.52,99,20,6.17,US,1715081299
487,barra de santo antonio,-9.4047,-35.5072,23.6,86,100,4.32,BR,1715081530
488,pajan,-1.5667,-80.4167,22.78,94,94,1.24,EC,1715081530
489,son la,21.3167,103.9,21.06,99,100,0.83,VN,1715081530
490,hesla,24.0667,85.8833,30.04,37,75,3.8,IN,1715081530
491,santa ana de yacuma,-13.75,-65.4333,24.97,94,26,0.0,BO,1715081531
492,at taraf,25.3628,49.725,41.3,15,0,3.95,SA,1715081531
493,namtsy,62.7161,129.6658,5.97,79,100,6.29,RU,1715081531
494,pointe-noire,-4.7761,11.8635,31.04,70,20,7.2,CG,1715081531
495,pyt-yakh,60.7499,72.8582,3.7,93,100,4.38,RU,1715081282
496,thunder bay,48.4001,-89.3168,7.99,65,75,6.69,CA,1715081338
497,pokhara,28.2333,83.9833,18.88,74,95,3.33,NP,1715081531
498,i-n-salah,27.1935,2.4607,39.47,8,0,5.13,DZ,1715081531
499,luganville,-15.5333,167.1667,24.71,75,59,3.33,VU,1715081532
500,vyksa,55.3175,42.1744,2.35,98,100,4.74,RU,1715081532
501,boa vista,2.8197,-60.6733,23.99,100,75,1.03,BR,1715081511
502,peranamallur,12.5667,79.4333,35.09,48,77,8.03,IN,1715081532
503,ar ruways,24.1103,52.7306,31.88,56,10,6.14,AE,1715081532
504,mpulungu,-8.7623,31.1141,27.96,62,27,1.7,ZM,1715081532
505,bobo-dioulasso,11.1771,-4.2979,28.25,65,20,3.09,BF,1715081532
506,hasaki,35.7333,140.8333,19.22,94,100,12.18,JP,1715081532
507,baardheere,2.3446,42.2764,31.54,58,99,5.6,SO,1715081533
508,tofol,5.3248,163.0078,28.4,81,74,7.57,FM,1715081533
509,qamdo,31.1667,97.2333,7.37,58,80,5.42,CN,1715081533
510,beichengqu,40.4394,113.1536,18.12,22,2,3.36,CN,1715081533
511,dingli,35.8614,14.3822,21.09,73,20,6.69,MT,1715081533
512,saint-pierre,-21.3393,55.4781,27.82,54,2,12.86,RE,1715081533
513,flin flon,54.7682,-101.865,8.91,57,75,5.66,CA,1715081533
514,galliano,29.4422,-90.2992,26.0,88,100,2.57,US,1715081533
515,raipur,21.2333,81.6333,36.08,34,20,7.2,IN,1715081534
516,majene,-3.5403,118.9707,25.91,89,88,1.28,ID,1715081534
517,tomakomai,42.6369,141.6033,6.08,93,75,9.26,JP,1715081534
518,yemva,62.59,50.8594,3.77,29,99,3.06,RU,1715081534
519,markala,13.7021,-6.0659,38.39,27,47,5.61,ML,1715081534
520,whakatane,-37.9585,176.9854,8.76,91,32,0.89,NZ,1715081462
521,magadan,59.5667,150.8,3.07,99,97,1.59,RU,1715081534
522,piranhas,-16.4269,-51.8222,27.89,52,12,1.17,BR,1715081535
523,ulladulla,-35.35,150.4667,14.19,85,80,1.65,AU,1715081535
524,ust'-kut,56.7938,105.7672,11.35,26,86,5.81,RU,1715081535
525,hithadhoo,-0.6,73.0833,29.91,73,76,4.79,MV,1715081535
526,wegorzewo,54.2157,21.7372,12.35,51,24,4.96,PL,1715081535
527,childress,34.4264,-100.204,10.14,62,0,4.12,US,1715081269
528,codrington,-38.2667,141.9667,11.26,92,0,4.03,AU,1715081535
529,el quetzal,14.7667,-91.8167,22.09,89,93,2.37,GT,1715081535
530,hakui,36.8833,136.7833,18.08,94,100,3.71,JP,1715081536
531,kabinda,-6.1333,24.4833,32.51,35,7,3.19,CD,1715081536
532,piton saint-leu,-21.2196,55.3151,26.06,54,3,12.86,RE,1715081536
533,zouerate,22.7187,-12.4521,36.57,6,100,4.74,MR,1715081536
534,archangelos,36.2149,28.1149,21.99,29,6,2.65,GR,1715081536
535,athni,16.7333,75.0667,39.63,14,0,5.5,IN,1715081536
536,leh,34.1667,77.5833,4.58,54,41,1.46,IN,1715081536
537,antonio enes,-16.2325,39.9086,28.77,62,14,5.09,MZ,1715081537
538,tselinnoye,53.0833,85.6667,15.22,56,45,2.22,RU,1715081537
539,mont-laurier,46.5501,-75.4993,5.79,76,2,0.77,CA,1715081371
540,cuyo,10.8525,121.0086,30.1,72,36,4.44,PH,1715081537
541,angaur state,6.906,134.13,28.6,73,57,3.97,PW,1715081537
542,pangody,65.85,74.4859,-2.22,94,81,6.6,RU,1715081860
543,lazaro cardenas,17.9583,-102.2,21.7,84,100,1.37,MX,1715081861
544,banes,20.9625,-75.7186,25.72,85,22,4.23,CU,1715081861
545,moab,38.5733,-109.5498,7.03,31,23,3.49,US,1715081861
546,korla,41.7597,86.1469,30.5,10,99,4.94,CN,1715081861
547,island harbour,50.724,-1.2758,19.61,64,11,3.24,GB,1715081861
548,mana,5.6592,-53.7767,26.74,89,100,5.52,GF,1715081861
549,medowie,-32.7333,151.8667,17.61,92,100,0.0,AU,1715081861
550,wapi pathum,15.8452,103.3768,26.23,83,100,7.51,TH,1715081861
551,sohar,24.3643,56.7468,37.01,36,6,4.12,OM,1715081862
552,al jumum,21.6169,39.6981,36.88,13,0,6.61,SA,1715081862
553,borivli,19.2333,72.85,30.95,70,40,5.14,IN,1715081862
554,port lincoln,-34.7333,135.8667,15.72,81,0,6.3,AU,1715081862
555,pulivendla,14.4167,78.2333,38.0,28,54,6.16,IN,1715081862
556,auki,-8.7676,160.7034,26.22,91,100,1.53,SB,1715081862
557,nikolayevsk-on-amure,53.1406,140.73,4.01,56,3,2.24,RU,1715081862
558,gadani,25.1185,66.7299,34.12,70,0,7.07,PK,1715081862
559,quelimane,-17.8786,36.8883,27.97,65,40,3.86,MZ,1715081863
560,mamuju,-2.6748,118.8885,26.37,91,85,1.13,ID,1715081863
561,lyantor,61.6195,72.1555,2.93,100,100,4.83,RU,1715081863
562,deltebre,40.7499,0.7868,20.08,45,0,6.91,ES,1715081863
563,mendota,36.7536,-120.3816,10.18,85,42,3.3,US,1715081863
